<?xml version="1.0" encoding="utf-8"?>
<ApplicationPackage SchemaVersion="1.0" AutodeskProduct="Revit" Name="AnalyseTool" ProductType="Application">
  <CompanyDetails Name="Nikolai Davydov" />
  <Components Description="Revit R25">
    <RuntimeRequirements OS="Win64" Platform="Revit" SeriesMin="R2025" SeriesMax="R2025" />
    <ComponentEntry AppName="AnalyseTool.Launcher" ModuleName="./Contents/R25/AnalyseTool.Launcher.addin" />
  </Components>
  <Components Description="Revit R26">
    <RuntimeRequirements OS="Win64" Platform="Revit" SeriesMin="R2026" SeriesMax="R2026" />
    <ComponentEntry AppName="AnalyseTool.Launcher" ModuleName="./Contents/R26/AnalyseTool.Launcher.addin" />
  </Components>
</ApplicationPackage>